dept,name,year,placement,source_url
dyson,Sharan Banerjee,2025,"Postdoctoral Fellow at KAPSARC School of Public Policy, Riyadh",https://dyson.cornell.edu/programs/graduate/placements/
dyson,Feng Chi,2025,Assistant Professor of Economics at University of Illinois Urbana-Champaign,https://dyson.cornell.edu/programs/graduate/placements/
dyson,Xiaoying Liu,2025,Principal Quantitative Modeler at Capital One,https://dyson.cornell.edu/programs/graduate/placements/
dyson,Michael Meneses,2025,Postdoctoral Associate at Yale School of the Environment,https://dyson.cornell.edu/programs/graduate/placements/
dyson,Anh Nguyen,2025,Lecturer at International University – VNUHCM,https://dyson.cornell.edu/programs/graduate/placements/
dyson,Shree Saha,2025,"Global Agriculture Division, World Bank at World Bank, Young Professionals Program",https://dyson.cornell.edu/programs/graduate/placements/
dyson,Weiliang Tan,2025,Postdoctoral Associate; Assistant Professor of Economics at National Bureau of Economic Research ; Claremont McKenna College,https://dyson.cornell.edu/programs/graduate/placements/
dyson,Tong Wu,2025,Research Scientist in Natural Resource Economics at Natural Resources Institute Finland,https://dyson.cornell.edu/programs/graduate/placements/
dyson,Minhao Yan,2025,Research Data Scientist at Freddie Mac,https://dyson.cornell.edu/programs/graduate/placements/
dyson,Leonel Borja,2024,Economist at InterAmerican Development Bank,https://dyson.cornell.edu/programs/graduate/placements/
dyson,Tarana Chauhan,2024,Post-doc at Brown,https://dyson.cornell.edu/programs/graduate/placements/
dyson,Huiyi Chen,2024,Assistant Professor at James Madison,https://dyson.cornell.edu/programs/graduate/placements/
dyson,Seungmin Lee,2024,Post-doc at Notre Dame,https://dyson.cornell.edu/programs/graduate/placements/
dyson,Mengwei Lin,2024,Managing Economist at Berkeley Research Group,https://dyson.cornell.edu/programs/graduate/placements/
dyson,Yiding Ma,2024,post-doc at DTUM,https://dyson.cornell.edu/programs/graduate/placements/
dyson,Daniel Maggio,2024,Assistant Professor at Rutgers,https://dyson.cornell.edu/programs/graduate/placements/
dyson,Anna Malinovskaya,2024,Post-doc at Princeton University,https://dyson.cornell.edu/programs/graduate/placements/
dyson,Trinh Pham,2024,Assistant Professor at KDI School of Public Policy and Management (Korea),https://dyson.cornell.edu/programs/graduate/placements/
dyson,Sergio Puerto,2024,Post-doc at Cornell University,https://dyson.cornell.edu/programs/graduate/placements/
dyson,Vanisha Sharma,2024,Post-doc at University of Washington,https://dyson.cornell.edu/programs/graduate/placements/
dyson,Dana Smith,2024,Assistant Professor at Holy Cross,https://dyson.cornell.edu/programs/graduate/placements/
dyson,Binglin Wang,2024,Assistant Professor at NUS,https://dyson.cornell.edu/programs/graduate/placements/
dyson,Saleh Zakerinia,2024,Post-doc at Harvard Digital Value Lab,https://dyson.cornell.edu/programs/graduate/placements/
dyson,Zhiyun Li,2023,Economist at UCLA Anderson Forecast,https://dyson.cornell.edu/programs/graduate/placements/
dyson,Zhengyuan Wu,2023,Senior Data Scientist at Citibank,https://dyson.cornell.edu/programs/graduate/placements/
dyson,Ye Xian,2023,Quantitative Researcher at Acadian Asset Management,https://dyson.cornell.edu/programs/graduate/placements/
dyson,Muxi Yang,2023,Economist at Bates White Economic Consulting,https://dyson.cornell.edu/programs/graduate/placements/
dyson,Hui Zhou,2023,Assistant Professor at Department of Environmental and Natural Resource Economics University of Rhode Island,https://dyson.cornell.edu/programs/graduate/placements/
dyson,Ruyu Chen,2022,Postdoctoral Fellow at Stanford University Human-Centered Artificial Intelligence,https://dyson.cornell.edu/programs/graduate/placements/
dyson,Tung Dang,2022,Postdoctoral Fellow at School of Economics University of Sydney,https://dyson.cornell.edu/programs/graduate/placements/
dyson,Deyu Rao,2022,Assistant Professor at Department of Economics Hong Kong University of Science and Technology,https://dyson.cornell.edu/programs/graduate/placements/
dyson,Louis Sears,2022,Economist at U.S. Department of Transportation Volpe National Transportation Systems Center Corporate Average Fuel Economy Program,https://dyson.cornell.edu/programs/graduate/placements/
dyson,Steve Wilcox,2022,Assistant Professor at Department of Applied Economics Utah State University,https://dyson.cornell.edu/programs/graduate/placements/
dyson,Yolanda Xue,2022,Applied Scientist II under the Core Analytics and Sciences Team at Uber,https://dyson.cornell.edu/programs/graduate/placements/
dyson,Ali Abbas,2021,Economist at International Monetary Fund,https://dyson.cornell.edu/programs/graduate/placements/
dyson,Anne Byrne,2021,Research Agricultural Economist at USDA Economic Research Service,https://dyson.cornell.edu/programs/graduate/placements/
dyson,Vidya Bharathi Rajkumar,2021,Assistant Professor at Krea University,https://dyson.cornell.edu/programs/graduate/placements/
dyson,Diego S. Cardoso,2021,Assistant Professor at Department of Agricultural Economics at Purdue University,https://dyson.cornell.edu/programs/graduate/placements/
dyson,Yuanning Liang,2021,Assistant Professor at Peking University,https://dyson.cornell.edu/programs/graduate/placements/
dyson,Shuyang Si,2021,Assistant Professor at Xi’an Jiaotong-Liverpool University,https://dyson.cornell.edu/programs/graduate/placements/
dyson,Joy Wu,2021,Postdoctoral Researcher at Ludwig-Maximilian University of Munich,https://dyson.cornell.edu/programs/graduate/placements/
dyson,Lin Yang,2021,Assistant Professor at Hong Kong University of Science and Technology,https://dyson.cornell.edu/programs/graduate/placements/
dyson,Youwei Yang,2021,Director of Financial Analytics at StoneX Group,https://dyson.cornell.edu/programs/graduate/placements/
dyson,D. Adeline Yeh,2021,Research Agricultural Economist at USDA Economic Research Service,https://dyson.cornell.edu/programs/graduate/placements/
dyson,Chia Hua Lin,2020,Postdoctoral Associate at Johns Hopkins University,https://dyson.cornell.edu/programs/graduate/placements/
dyson,Margaret Jodlowski,2020,Assistant Professor at Ohio State University,https://dyson.cornell.edu/programs/graduate/placements/
dyson,Christina Korting,2020,Assistant Professor at University of Delaware,https://dyson.cornell.edu/programs/graduate/placements/
dyson,Matthew McGranaghan,2020,Assistant Professor at University of Delaware,https://dyson.cornell.edu/programs/graduate/placements/
dyson,Avralt-Od Purevjav,2020,Postdoctoral Fellow at University of Bern,https://dyson.cornell.edu/programs/graduate/placements/
dyson,Armand Sim,2020,Research Fellow at Monash University,https://dyson.cornell.edu/programs/graduate/placements/
dyson,Shiuli Vanaja,2020,Assistant Professor at Azim Premji University,https://dyson.cornell.edu/programs/graduate/placements/
dyson,Xin Gao,2019,Associate at Analysis Group,https://dyson.cornell.edu/programs/graduate/placements/
dyson,Maulik Jagnani,2019,Postdoctoral Associate at Yale University,https://dyson.cornell.edu/programs/graduate/placements/
dyson,Rhiannon Jerch,2019,Assistant Professor at Temple University,https://dyson.cornell.edu/programs/graduate/placements/
dyson,Seolle Park,2019,Postdoctoral Fellow at Harvard University,https://dyson.cornell.edu/programs/graduate/placements/
dyson,Jing Qian,2019,Risk Management Associate at Morgan Stanley,https://dyson.cornell.edu/programs/graduate/placements/
dyson,Vidya Vemireddy,2019,Assistant Professor at IIMA,https://dyson.cornell.edu/programs/graduate/placements/
dyson,Jakina Debnam,2018,"Assistant Professor of Economics at Amherst College, Amherst, MA",https://dyson.cornell.edu/programs/graduate/placements/
dyson,Ryan Finseth,2018,"Economist/Air Quality Specialist at South Coast Air Quality Management District, CA State Gov.’t, Diamond Bar, CA",https://dyson.cornell.edu/programs/graduate/placements/
dyson,Oleg Firsin,2018,"Assistant Professor of Economics at University of Maryland, Baltimore County, Baltimore, MD",https://dyson.cornell.edu/programs/graduate/placements/
dyson,Juan Nicolas Hernandez-Aguilera,2018,"Earth Institute Postdoctoral Fellow at The Earth Institute, Columbia University, New York, NY",https://dyson.cornell.edu/programs/graduate/placements/
dyson,Erwin Knippenberg,2018,"Lead Economist at Cooper/Smith, Washington, D.C.",https://dyson.cornell.edu/programs/graduate/placements/
dyson,Yanan Li,2018,"Assistant Professor of Economics at Beijing Normal University, Beijing, China",https://dyson.cornell.edu/programs/graduate/placements/
dyson,Linden McBride,2018,"Assistant Professor of Economics at St. Mary’s College of Maryland, St. Mary’s City, MD",https://dyson.cornell.edu/programs/graduate/placements/
dyson,David Murphy,2018,"Assistant Professor of Economics at University of Evansville, Schroeder School of Business, Evansville, IN",https://dyson.cornell.edu/programs/graduate/placements/
dyson,Steven Otto,2018,"Economist at ISO New England, Holyoke, MA",https://dyson.cornell.edu/programs/graduate/placements/
dyson,Kai Wu,2018,"Assistant Professor of Finance at Central University of Finance and Economics, Beijing, China",https://dyson.cornell.edu/programs/graduate/placements/
dyson,Jianwei Xing,2018,"Assistant Professor at Peking University, Beijing, China",https://dyson.cornell.edu/programs/graduate/placements/
dyson,Jennifer Cisse,2017,"Senior Risk Advisor at USAID, Washington, D.C.",https://dyson.cornell.edu/programs/graduate/placements/
dyson,Xiaoli Fan,2017,"Assistant Professor at University of Alberta, Canada",https://dyson.cornell.edu/programs/graduate/placements/
dyson,Jie Li,2017,"Research Associate at Cornell University, Charles H. Dyson School of Applied Economics and Management",https://dyson.cornell.edu/programs/graduate/placements/
dyson,Ellen McCullough,2017,"Assistant Professor at University of Georgia, Department of Agricultural and Applied Economics",https://dyson.cornell.edu/programs/graduate/placements/
dyson,Tanvi Rao,2017,"Research Associate at IMPAQ International, Washington, D.C.",https://dyson.cornell.edu/programs/graduate/placements/
dyson,Yiwei Wang,2017,Data Analyst at Center for Governmental Research,https://dyson.cornell.edu/programs/graduate/placements/
dyson,Di Wu,2017,"Principal Consultant at Edgeworth Economics, Washington, D.C.",https://dyson.cornell.edu/programs/graduate/placements/
dyson,Leah Bevis,2016,"Assistant Professor at Ohio State University, Department of Agricultural, Environmental and Development Economics",https://dyson.cornell.edu/programs/graduate/placements/
dyson,Justin Choe,2016,"Economist at Global Commodity Analysis Division, Office of Global Analysis, Foreign Agricultural Service, U.S. Dept. of Agriculture",https://dyson.cornell.edu/programs/graduate/placements/
dyson,Soumya Gupta,2016,Post Doctoral Fellow at Tata-Cornell Agriculture and Nutrition Initiative,https://dyson.cornell.edu/programs/graduate/placements/
dyson,Richard Klotz,2016,"Assistant Professor at Colgate University, Department of Economics",https://dyson.cornell.edu/programs/graduate/placements/
dyson,Andrew Simons,2016,"Assistant Professor at Fordham University, Department of Economics",https://dyson.cornell.edu/programs/graduate/placements/
dyson,Vidhya Soundararajan,2016,"Assistant Professor, Economics and Social Sciences at Indian Institute of Management Bangalore",https://dyson.cornell.edu/programs/graduate/placements/
dyson,Nadia Streletskaya,2016,"Assistant Professor at Oregon State University, Applied Economics Department",https://dyson.cornell.edu/programs/graduate/placements/
dyson,Andrew Waxman,2016,"Assistant Professor at Arizona State University, School of Public Affairs",https://dyson.cornell.edu/programs/graduate/placements/
dyson,Dennis Becker,2015,Associate at Dean & Company,https://dyson.cornell.edu/programs/graduate/placements/
dyson,Samuel Bell,2015,Co-Founder & CEO at Vitalite Zambia Limited,https://dyson.cornell.edu/programs/graduate/placements/
dyson,Julia Berazneva,2015,Assistant Professor at Middlebury College,https://dyson.cornell.edu/programs/graduate/placements/
dyson,Teevrat Garg,2015,"Assistant Professor at University of California, San Diego",https://dyson.cornell.edu/programs/graduate/placements/
dyson,Hao Lu,2015,Senior Quantitative Analyst at Pacific Gas & Electric Company,https://dyson.cornell.edu/programs/graduate/placements/
dyson,Pimbucha Rusmevichientong,2015,Assistant Professor at California State University,https://dyson.cornell.edu/programs/graduate/placements/
dyson,Parul Sharma,2015,Financial Economist at U.S. Securities & Exchange Commission,https://dyson.cornell.edu/programs/graduate/placements/
dyson,Lin Sun,2015,AVP Risk Management at Industrial and Commercial Bank of China,https://dyson.cornell.edu/programs/graduate/placements/
dyson,Joanna Upton,2015,"Post-Doctoral Associate at Dyson School, Cornell University",https://dyson.cornell.edu/programs/graduate/placements/
dyson,Jubo Yan,2015,Assistant Professor at Nanyang Technological University,https://dyson.cornell.edu/programs/graduate/placements/
berkeley,Chiman Cheung,2026,"Post Doctoral Scholar at University of California, Berkeley",https://are.berkeley.edu/job-candidates/past-placements
berkeley,Simon Greenhill,2026,Assistant Professor (starting in 2028) at Monash University,https://are.berkeley.edu/job-candidates/past-placements
berkeley,Lucy Hackett,2026,Research Economist at Banco de MÃ©xico,https://are.berkeley.edu/job-candidates/past-placements
berkeley,Jacob Lefler,2026,International Economist at U.S. International Trade Commission,https://are.berkeley.edu/job-candidates/past-placements
berkeley,Kendra Marcoux,2026,Associate at Cornerstone Research,https://are.berkeley.edu/job-candidates/past-placements
berkeley,Elif Tasar,2026,Economist at Andersen Institute for Finance and Economics,https://are.berkeley.edu/job-candidates/past-placements
berkeley,Shreya Sarkar,2026,Senior Associate at Charles River Associates,https://are.berkeley.edu/job-candidates/past-placements
berkeley,Elena Marie Stacy,2026,Post Doctoral Research Fellow at University of Notre Dame,https://are.berkeley.edu/job-candidates/past-placements
berkeley,Arthur Wardle,2026,Assistant Professor at Montana State University,https://are.berkeley.edu/job-candidates/past-placements
berkeley,Trevor Woolley,2026,Assistant Professor at University of Wisconsin Madison,https://are.berkeley.edu/job-candidates/past-placements
berkeley,Shuo Yu,2026,Postdoctoral Associate at Cornell University,https://are.berkeley.edu/job-candidates/past-placements
berkeley,Becky Cardinali,2025,Data Scientist at Pinterest,https://are.berkeley.edu/job-candidates/past-placements
berkeley,Abdoulaye Cisse,2025,Visiting Scholar (2025-26) at Princeton University,https://are.berkeley.edu/job-candidates/past-placements
berkeley,Joel Ferguson,2025,"Assistant Professor at University of Wisconsin, Madison",https://are.berkeley.edu/job-candidates/past-placements
berkeley,Yuen Ho,2025,Assistant Professor at Trinity College Dublin,https://are.berkeley.edu/job-candidates/past-placements
berkeley,Connor Jackson,2025,Contract Enforcement Lead at United Auto Workers Local 4811,https://are.berkeley.edu/job-candidates/past-placements
berkeley,Post Doctoral Placement,2025,NA,https://are.berkeley.edu/job-candidates/past-placements
berkeley,Guglielmo Zappala,2025,Assistant Professor (starting in 2026) at Bocconi University,https://are.berkeley.edu/job-candidates/past-placements
berkeley,Daniel Agness,2024,Assistant Professor at University of Maryland,https://are.berkeley.edu/job-candidates/past-placements
berkeley,Pierre Biscaye,2024,Chaire Professeur Junior at UniversitÃ© Clermont-Auvergne,https://are.berkeley.edu/job-candidates/past-placements
berkeley,Jesse Buchsbaum,2024,Fellow at Resources for The Future,https://are.berkeley.edu/job-candidates/past-placements
berkeley,Michelle Chen,2024,Economist at World Bank,https://are.berkeley.edu/job-candidates/past-placements
berkeley,Daniel Kannell,2024,Economist at Government Accountability Office,https://are.berkeley.edu/job-candidates/past-placements
berkeley,Subrata Kumar Ritadhi,2024,Assistant Professor at Occidental College,https://are.berkeley.edu/job-candidates/past-placements
berkeley,Leila Safavi,2024,Post Doctoral Scholar (2024-25) at New York University,https://are.berkeley.edu/job-candidates/past-placements
berkeley,Jedediah Silver,2024,Assistant Professor at The Hebrew University of Jerusalem,https://are.berkeley.edu/job-candidates/past-placements
berkeley,Livia Alfonsi,2023,Assistant Professor at Harvard University,https://are.berkeley.edu/job-candidates/past-placements
berkeley,Marshall Macdonald Blundell,2023,Senior Consultant at Demand Side Analytics,https://are.berkeley.edu/job-candidates/past-placements
berkeley,Joel Ferguson,2023,"Post Doctoral Researcher at University of California, Berkeley",https://are.berkeley.edu/job-candidates/past-placements
berkeley,Hal Gordon,2023,Consultant at Demand Side Analysis,https://are.berkeley.edu/job-candidates/past-placements
berkeley,Wei Guo,2023,Post-Doctoral Scholar (2023-2025) at RFF-CMCC European Institute on Economics and the Environment,https://are.berkeley.edu/job-candidates/past-placements
berkeley,Qingyang Huang,2023,Assistant Professor at Peking University,https://are.berkeley.edu/job-candidates/past-placements
berkeley,Jenya Kahn-Lang,2023,Post-Doctoral Scholar (2023-24) at Stanford University,https://are.berkeley.edu/job-candidates/past-placements
berkeley,Jaecheol Lee,2023,Post Doctoral Researcher at The University of Chicago,https://are.berkeley.edu/job-candidates/past-placements
berkeley,James E. Sayre,2023,"Assistant Professor of CE/Specialist in Food Supply Chains at University of California, Davis",https://are.berkeley.edu/job-candidates/past-placements
berkeley,Wenjun Wang,2023,Machine Learning Scientist at Wayfair,https://are.berkeley.edu/job-candidates/past-placements
berkeley,Eleanor Wiseman,2023,Post-Doctoral Scholar (2023-2025) at Stanford University,https://are.berkeley.edu/job-candidates/past-placements
berkeley,Post Doctoral Placement,2023,NA,https://are.berkeley.edu/job-candidates/past-placements
berkeley,Bobby Harris,2023,Assistant Professor at Georgia Institute of Technology,https://are.berkeley.edu/job-candidates/past-placements
berkeley,Jesse Buchsbaum,2022,Post Doctoral Scholar at The University of Chicago,https://are.berkeley.edu/job-candidates/past-placements
berkeley,Yulei Shelley He,2022,Economist at Amazon,https://are.berkeley.edu/job-candidates/past-placements
berkeley,Andrew Hultgren,2022,"Assistant Professor at University of Illinois, Urbana Champaign",https://are.berkeley.edu/job-candidates/past-placements
berkeley,Wei Lin,2022,"Assistant Professor at The Chinese University of Hong Kong, Shenzhen",https://are.berkeley.edu/job-candidates/past-placements
berkeley,Wenfeng Qiu,2022,Senior Economist at SiriusXM/Pandora,https://are.berkeley.edu/job-candidates/past-placements
berkeley,James Sears,2022,Assistant Professor at Michigan State University,https://are.berkeley.edu/job-candidates/past-placements
berkeley,Molly Van Dop Sears,2022,Assistant Professor at Michigan State University,https://are.berkeley.edu/job-candidates/past-placements
berkeley,Matthew Suandi,2022,Economist at Federal Housing Finance Agency,https://are.berkeley.edu/job-candidates/past-placements
berkeley,Matthew Tarduno,2022,Post Doctoral Scholar (2022-2023 ) at Harvard University,https://are.berkeley.edu/job-candidates/past-placements
berkeley,Carly Trachtman,2022,Associate Research Fellow at International Food Policy Research Institute (IFPRI),https://are.berkeley.edu/job-candidates/past-placements
berkeley,SÃ©bastien Annan-Phan,2021,Research Scientist,https://are.berkeley.edu/job-candidates/past-placements
berkeley,Karl Dunkle Werner,2021,Economist at U.S. Department of the Treasury,https://are.berkeley.edu/job-candidates/past-placements
berkeley,Hannah Druckenmiller,2021,Fellow at Resources for the Future,https://are.berkeley.edu/job-candidates/past-placements
berkeley,Gabriel Englander,2021,"Post Doctoral Scholar (2021-2022) at University California, Santa Barbara",https://are.berkeley.edu/job-candidates/past-placements
berkeley,Luna Yue Huang,2021,Data Scientist at Waymo (Google),https://are.berkeley.edu/job-candidates/past-placements
berkeley,Scott Kaplan,2021,Assistant Professor at U. S. Naval Academy,https://are.berkeley.edu/job-candidates/past-placements
berkeley,Benjamin Krause,2021,Director at University of Chicago,https://are.berkeley.edu/job-candidates/past-placements
berkeley,Megan Lang,2021,Post Doctoral Scholar (2021-2022) at JPAL,https://are.berkeley.edu/job-candidates/past-placements
berkeley,Peiley Lau,2021,Environmental Economist at Environmental Protection Agency,https://are.berkeley.edu/job-candidates/past-placements
berkeley,Ryan Olver,2021,Research Agricultural Economist at United States Department of Agriculture,https://are.berkeley.edu/job-candidates/past-placements
berkeley,Kate Pennington,2021,Economist at U. S. Census,https://are.berkeley.edu/job-candidates/past-placements
berkeley,Vaishnavi Surendra,2021,Post Doctoral Researcher at Precision Agriculture for Development,https://are.berkeley.edu/job-candidates/past-placements
berkeley,Catherine Wright,2021,"Senior Data Scientist at Aetna, a CVS Health Company",https://are.berkeley.edu/job-candidates/past-placements
berkeley,Post Doctoral Placement,2021,NA,https://are.berkeley.edu/job-candidates/past-placements
berkeley,Ariel Zucker,2021,"Assistant Professor at University of California, Santa Cruz",https://are.berkeley.edu/job-candidates/past-placements
berkeley,Susanna Berkouwer,2020,"Assistant Professor at The Wharton School of Business, University of Pennsylvania",https://are.berkeley.edu/job-candidates/past-placements
berkeley,LÃ©opold Biardeau,2020,"AttachÃ© Temporaire d'Enseignement et de Recherche, at UniversitÃ© de la PolynÃ©sie FranÃ§aise, Tahiti",https://are.berkeley.edu/job-candidates/past-placements
berkeley,Claire Duquennois,2020,Assistant Professor at University of Pittsburgh,https://are.berkeley.edu/job-candidates/past-placements
berkeley,Kwabena Donkor,2020,"Assistant Professor at Stanford GSB, Stanford University",https://are.berkeley.edu/job-candidates/past-placements
berkeley,Andy Hultgren,2020,Post Doctoral Scholar at University of Chicago,https://are.berkeley.edu/job-candidates/past-placements
berkeley,Reid Johnsen,2020,Research Data Specialist at California Department of Tax and Fee Administration,https://are.berkeley.edu/job-candidates/past-placements
berkeley,Elisa Duran Micco,2020,Post Doctoral Scholar at University of Chile,https://are.berkeley.edu/job-candidates/past-placements
berkeley,David McLaughlin,2020,Economist at Environmental Defense Fund,https://are.berkeley.edu/job-candidates/past-placements
berkeley,Matthew Pecenco,2020,Assistant Professor at Brown University,https://are.berkeley.edu/job-candidates/past-placements
berkeley,Deepak Premkumar,2020,Research Fellow at Public Policy Institute of California,https://are.berkeley.edu/job-candidates/past-placements
berkeley,Manaswini Rao,2020,"Post Doctoral Scholar at University of California, San Diego",https://are.berkeley.edu/job-candidates/past-placements
berkeley,Vaishnavi Surendra,2020,"Post Doctoral Scholar at University of California, Berkeley",https://are.berkeley.edu/job-candidates/past-placements
berkeley,Post Doctoral Placement,2020,NA,https://are.berkeley.edu/job-candidates/past-placements
berkeley,Aluma Dembo,2020,"Lecturer (Assistant Professor) at IDC, Herzliya",https://are.berkeley.edu/job-candidates/past-placements
berkeley,Nick Hagerty,2020,Assistant Professor at Montana State University,https://are.berkeley.edu/job-candidates/past-placements
berkeley,Dina Gorenshteyn,2019,Economist Intern at Amazon,https://are.berkeley.edu/job-candidates/past-placements
berkeley,Stephen Harrell,2019,Quantitative Researcher at Facebook,https://are.berkeley.edu/job-candidates/past-placements
berkeley,Jonathan Kadish,2019,Visiting Profgessor of Statistics at Reed College,https://are.berkeley.edu/job-candidates/past-placements
berkeley,Erin Kelley,2019,Economist at World Bank,https://are.berkeley.edu/job-candidates/past-placements
berkeley,Gregory Lane,2019,Asst. Professor at American University,https://are.berkeley.edu/job-candidates/past-placements
berkeley,Ellen Lin,2019,Economist at Amazon,https://are.berkeley.edu/job-candidates/past-placements
berkeley,John Loeser,2019,Economist at World Bank,https://are.berkeley.edu/job-candidates/past-placements
berkeley,Jonathan Proctor (ERE)2020 AAEA Outstanding Doctoral Dissertation Award,2019,Data Science Post Doctoral Fellow at Harvard University,https://are.berkeley.edu/job-candidates/past-placements
berkeley,Allyson Barnett Root,2019,Economist II at Amazon,https://are.berkeley.edu/job-candidates/past-placements
berkeley,Deirdre Sutula,2019,Economist at United States Government Accountability Office,https://are.berkeley.edu/job-candidates/past-placements
berkeley,Daniel Tregeagle,2019,Asst. Professor at North Carolina State University,https://are.berkeley.edu/job-candidates/past-placements
berkeley,Itai Trilnick,2019,Data Scientist at Google,https://are.berkeley.edu/job-candidates/past-placements
berkeley,Shaoda Wang,2019,Post Doctoral Scholar at The University of Chicago,https://are.berkeley.edu/job-candidates/past-placements
berkeley,Matt Woerman,2019,"Asst. Professor at U Mass, Amherst",https://are.berkeley.edu/job-candidates/past-placements
berkeley,Post Doctoral Placement,2019,Post Doctoral Placement at Post Doctoral Placement,https://are.berkeley.edu/job-candidates/past-placements
berkeley,Adrien Bouguen,2019,Asst. Professor at Santa Clara University,https://are.berkeley.edu/job-candidates/past-placements
berkeley,Danamona Andrianarimanana,2018,Research Specialist at California Dept. of Finance,https://are.berkeley.edu/job-candidates/past-placements
berkeley,Ceren Baysan,2018,Post Doctoral Scholar at Harvard University,https://are.berkeley.edu/job-candidates/past-placements
berkeley,Narayan Das,2018,Sr. Research Fellow at BRAC Bangladesh,https://are.berkeley.edu/job-candidates/past-placements
berkeley,Tamma Carleton2019 AAEA Outstanding Doctoral Dissertation Award,2018,Post Doctoral Scholar at Univeristy of Chicago,https://are.berkeley.edu/job-candidates/past-placements
berkeley,James Gillan,2018,Economist at Amazon,https://are.berkeley.edu/job-candidates/past-placements
berkeley,Ernesto Guerra-Vallejos,2018,Assistant Professor at Milwaukee School of Engineering,https://are.berkeley.edu/job-candidates/past-placements
berkeley,Dan Hammer,2018,Fellow at National Geographic Society,https://are.berkeley.edu/job-candidates/past-placements
berkeley,Zhimin Li,2018,Asst. Professor at Peking University,https://are.berkeley.edu/job-candidates/past-placements
berkeley,Louis Preonas,2018,Post Doctoral Scholar at University of Chicago,https://are.berkeley.edu/job-candidates/past-placements
berkeley,Elizabeth Ramirez-Ritchie,2018,Data Scientist at AIRBNB,https://are.berkeley.edu/job-candidates/past-placements
berkeley,Ed Rubin,2018,Asst. Professor at University of Oregon,https://are.berkeley.edu/job-candidates/past-placements
berkeley,Kendon Bell,2017,"Economist at Auckland, New Zealand",https://are.berkeley.edu/job-candidates/past-placements
berkeley,Joshua Blonz,2017,Post Doctoral Scholar at Resources for the Future,https://are.berkeley.edu/job-candidates/past-placements
berkeley,Fiona Burlig,2017,Post Doctoral Scholar at University of Chicago,https://are.berkeley.edu/job-candidates/past-placements
berkeley,Elliott Collins,2017,Economist at Kiva Microfunds,https://are.berkeley.edu/job-candidates/past-placements
berkeley,Aluma Dembo,2017,Nuffield Postdoctoral Research Fellow at University of Oxford,https://are.berkeley.edu/job-candidates/past-placements
berkeley,Xiaoxue Du,2017,Assistant Professor at University of Idaho,https://are.berkeley.edu/job-candidates/past-placements
berkeley,Seth Garz,2017,Post-Doctoral Fellowship at UC Berkeley,https://are.berkeley.edu/job-candidates/past-placements
berkeley,Sylvan Herskowitz,2017,Associate Research Fellow at International Food Policy Research Institute (IFPRI),https://are.berkeley.edu/job-candidates/past-placements
berkeley,Liang Lu,2017,Assistant Professor at University of Idaho,https://are.berkeley.edu/job-candidates/past-placements
berkeley,Xi Lu,2017,Assistant Professor at National University of Singapore,https://are.berkeley.edu/job-candidates/past-placements
berkeley,Subrata Kumar Ritadhi,2017,Research Economist at Reserve Bank of India,https://are.berkeley.edu/job-candidates/past-placements
berkeley,Andrew Stevens,2017,Assistant Professor at Mississippi State University,https://are.berkeley.edu/job-candidates/past-placements
berkeley,Rebecca Taylor,2017,Assistant Professor at University of Sydney,https://are.berkeley.edu/job-candidates/past-placements
berkeley,Lydia Ashton,2016,Assistant Professor at University of Wisconsin- Madison,https://are.berkeley.edu/job-candidates/past-placements
berkeley,Patrick Baylis,2016,Post Doctoral Scholar at Stanford University,https://are.berkeley.edu/job-candidates/past-placements
berkeley,Lei Cheng,2016,Assistant Professor at Wuhan University,https://are.berkeley.edu/job-candidates/past-placements
berkeley,Walter Graf,2016,Associate at The Brattle Group,https://are.berkeley.edu/job-candidates/past-placements
berkeley,Angeli Kirk,2016,Staff Economist at Premise Data Corporation,https://are.berkeley.edu/job-candidates/past-placements
berkeley,Daley Kutzman,2016,Assistant Professor at Northwestern University,https://are.berkeley.edu/job-candidates/past-placements
berkeley,Gavin McCormick,2016,Executive Director at WattTime,https://are.berkeley.edu/job-candidates/past-placements
berkeley,Eduardo Montoya,2016,Associate at Cornerstone Research,https://are.berkeley.edu/job-candidates/past-placements
berkeley,Moon Parks,2016,Senior Economist at United States Government Accountability Office,https://are.berkeley.edu/job-candidates/past-placements
berkeley,Obie Porteous2017 AAEA Outstanding Doctoral Dissertation Award,2016,Assistant Professor at Middlebury College,https://are.berkeley.edu/job-candidates/past-placements
berkeley,Zhen Sun,2016,Assistant Professor at Tsinghua University,https://are.berkeley.edu/job-candidates/past-placements
berkeley,Dilek Uz,2016,"Assistant Professor at University of Nevada, Reno",https://are.berkeley.edu/job-candidates/past-placements
berkeley,Yang Xie,2016,"Assistant Professor at University of California, Riverside",https://are.berkeley.edu/job-candidates/past-placements
berkeley,Geoffrey Barrows,2015,Post Doctoral Scholar ( 1 year) at London School of Economics,https://are.berkeley.edu/job-candidates/past-placements
berkeley,Judson Boomhower,2015,Post Doctoral Scholar (2 years) at Stanford University,https://are.berkeley.edu/job-candidates/past-placements
berkeley,Siwei Cao,2015,Assistant Professor at Beijing Normal University,https://are.berkeley.edu/job-candidates/past-placements
berkeley,Steven Buck,2015,Assistant Professor at University of Kentucky,https://are.berkeley.edu/job-candidates/past-placements
berkeley,Lilia Chaidez,2015,Senior Economist at U.S. Government Accountability Office,https://are.berkeley.edu/job-candidates/past-placements
berkeley,Sikandra Christian,2015,Post Doctoral Scholar at Paris School of Economics,https://are.berkeley.edu/job-candidates/past-placements
berkeley,Rachel Gardner Clark,2015,Senior Utilities Economist at Tacoma Power,https://are.berkeley.edu/job-candidates/past-placements
berkeley,Glynis Gawn,2015,Adjunct Professor at UC Merced,https://are.berkeley.edu/job-candidates/past-placements
berkeley,Sam Heft-Neal,2015,Post Doctoral Scholar at Stanford University,https://are.berkeley.edu/job-candidates/past-placements
berkeley,Marieke Kleemans,2015,Assistant Professor at University of Illinois-Urbana-Champaign,https://are.berkeley.edu/job-candidates/past-placements
berkeley,Yongdong Liu,2015,Assistant Professor at University College London,https://are.berkeley.edu/job-candidates/past-placements
berkeley,Stanislao Maldonado,2015,"Assistant Professor at Universidad del Rosario, Colombia",https://are.berkeley.edu/job-candidates/past-placements
berkeley,Reid Stevens,2015,Assistant Professor at Texas A&M,https://are.berkeley.edu/job-candidates/past-placements
berkeley,Megan Stevenson,2015,Post Doctoral Scholar at University of Pennsylvania,https://are.berkeley.edu/job-candidates/past-placements
berkeley,Qu Tang,2015,Researcher at Chinese Academy of Agricultural Sciences,https://are.berkeley.edu/job-candidates/past-placements
berkeley,Gina Waterfield,2015,Economist at Brattle Group,https://are.berkeley.edu/job-candidates/past-placements
berkeley,Ciriacy-Wantrup Post Doctoral Placement,2015,Ciriacy-Wantrup Post Doctoral Placement at Ciriacy-Wantrup Post Doctoral Placement,https://are.berkeley.edu/job-candidates/past-placements
berkeley,Rapahel Calel,2015,Assistant Professor at Georgetown University,https://are.berkeley.edu/job-candidates/past-placements
berkeley,Manuel Barron,2014,Visiting Researcher at U.C. Berkeley,https://are.berkeley.edu/job-candidates/past-placements
berkeley,Marshall Burke,2014,Assistant Professor at Stanford University,https://are.berkeley.edu/job-candidates/past-placements
berkeley,Andrew Dustan,2014,Assistant Professor at Vanderbilt University,https://are.berkeley.edu/job-candidates/past-placements
berkeley,Guojun He,2014,Assistant Professor at Hong Kong University of Science and Technology (HKUST),https://are.berkeley.edu/job-candidates/past-placements
berkeley,Kyle Emerick,2014,Assistant Professor at Tufts University,https://are.berkeley.edu/job-candidates/past-placements
berkeley,Diana Lee,2014,Assistant Professor at Occidental College,https://are.berkeley.edu/job-candidates/past-placements
berkeley,Ayako Matsuda,2014,Post doctoral Fellow at University of Tokyo,https://are.berkeley.edu/job-candidates/past-placements
berkeley,Erica Myers,2014,Assistant Professor at University of Illinois,https://are.berkeley.edu/job-candidates/past-placements
berkeley,Renato Seixas,2014,Research Fellow at University of Sao Paulo in Ribeirao Preto,https://are.berkeley.edu/job-candidates/past-placements
berkeley,Tiffani Shih,2014,Associate Research Economist at Precision Health Economics,https://are.berkeley.edu/job-candidates/past-placements
berkeley,Matthew Zaragoza-Watkins,2014,E2e Postdoctoral Fellow/High-Meadows Postdoctoral Fellow at Massachusetts Institute of Technology/Environmental Defense Fund,https://are.berkeley.edu/job-candidates/past-placements
berkeley,Di Zeng,2014,"Postdoctoral Scholar at University of California, Berkeley",https://are.berkeley.edu/job-candidates/past-placements
berkeley,Ciriacy-Wantrup Post Doctoral Placement,2014,Ciriacy-Wantrup Post Doctoral Placement at Ciriacy-Wantrup Post Doctoral Placement,https://are.berkeley.edu/job-candidates/past-placements
berkeley,Svenn Jensen,2014,Assistant Professor at Norwegian University of Life Sciences,https://are.berkeley.edu/job-candidates/past-placements
berkeley,Maria Bowman,2013,Sustainable Livestock Economics Fellow at Natural Resources Defense Council,https://are.berkeley.edu/job-candidates/past-placements
berkeley,Kate Foreman,2013,Consultant at NERA,https://are.berkeley.edu/job-candidates/past-placements
berkeley,Catie Hausman,2013,Assistant Professor at University of Michigan,https://are.berkeley.edu/job-candidates/past-placements
berkeley,Phu Viet (Frankie) Lee,2013,"Post Doctoral Fellow in Environment at Senior Researcher, Lower Mekong Public Policy Initiative (USAID)",https://are.berkeley.edu/job-candidates/past-placements
berkeley,Maya Papineau,2013,Assistant Professor at Carleton University,https://are.berkeley.edu/job-candidates/past-placements
berkeley,Jessica Rider,2013,Economist at Government Accountability Office,https://are.berkeley.edu/job-candidates/past-placements
berkeley,Anna Spurlock,2013,Senior Scientific Engineering Associate at Lawrence Berkeley National Laboratory,https://are.berkeley.edu/job-candidates/past-placements
berkeley,Chantal Toledo,2013,Postdoctoral Fellow at UC Berkeley,https://are.berkeley.edu/job-candidates/past-placements
berkeley,Lunyu Xie,2013,"Assistant Professor at Renmin University, China",https://are.berkeley.edu/job-candidates/past-placements
berkeley,Ciriacy-Wantrup Postdoctoral Placement,2013,Ciriacy-Wantrup Postdoctoral Placement at Ciriacy-Wantrup Postdoctoral Placement,https://are.berkeley.edu/job-candidates/past-placements
berkeley,Neil Thompson,2013,Assistant Professor at MIT,https://are.berkeley.edu/job-candidates/past-placements
berkeley,Jing Cai,2012,Assistant Professor at University of Michigan,https://are.berkeley.edu/job-candidates/past-placements
berkeley,Sarah Dobson,2012,Assistant Professor at University of Alberta,https://are.berkeley.edu/job-candidates/past-placements
berkeley,Luosha Du,2012,Consultant at The World Bank,https://are.berkeley.edu/job-candidates/past-placements
berkeley,Fei Han,2012,Economist at International Monetary Fund,https://are.berkeley.edu/job-candidates/past-placements
berkeley,Gianmarco Leon,2012,Assistant Professor at University of Pompeu Fabra,https://are.berkeley.edu/job-candidates/past-placements
berkeley,Leslie Martin,2012,Assistant Professor at University of Melbourne,https://are.berkeley.edu/job-candidates/past-placements
berkeley,Charles Seguin,2012,Assistant Professor at L'UniversitÃ© du QuÃ©bec Ã MontrÃ©al,https://are.berkeley.edu/job-candidates/past-placements
berkeley,Steven Sexton,2012,Assistant Professor at NC State,https://are.berkeley.edu/job-candidates/past-placements
berkeley,Alex Solis,2012,Assistant Professor at Uppsala University,https://are.berkeley.edu/job-candidates/past-placements
berkeley,Ciriacy-Wantrup Postdoctoral Placements,2012,Ciriacy-Wantrup Postdoctoral Placements at Ciriacy-Wantrup Postdoctoral Placements,https://are.berkeley.edu/job-candidates/past-placements
berkeley,David Anthoff,2012,Assistant Professor at University of Michigan,https://are.berkeley.edu/job-candidates/past-placements
berkeley,Anthony Millner,2012,Research Fellow at London School of Economics,https://are.berkeley.edu/job-candidates/past-placements
berkeley,Katrina Mullan,2012,Assistant Professor at University of Montana,https://are.berkeley.edu/job-candidates/past-placements
berkeley,Helene Ollivier,2012,Research Fellow at University of Paris 1 Pantheon-Sorbonne and CNRS,https://are.berkeley.edu/job-candidates/past-placements
berkeley,Rosangela Bando,2011,Economist at Inter-American Development Bank (IADB),https://are.berkeley.edu/job-candidates/past-placements
berkeley,Damian Bickett,2011,Assistant Professor at Williamette University,https://are.berkeley.edu/job-candidates/past-placements
berkeley,Howard Chong,2011,Assistant Professor at Cornell University,https://are.berkeley.edu/job-candidates/past-placements
berkeley,Ben Crost,2011,Assistant Professor at University of Colorado,https://are.berkeley.edu/job-candidates/past-placements
berkeley,Kyriakos Drivas,2011,"Postdoctoral Researcher at University of California, Berkeley",https://are.berkeley.edu/job-candidates/past-placements
berkeley,Alan Fuchs,2011,Research Economist at UNDP,https://are.berkeley.edu/job-candidates/past-placements
berkeley,Erick Gong,2011,Assistant Professor at Middlebury College,https://are.berkeley.edu/job-candidates/past-placements
berkeley,Brian Gross,2011,Assistant Professor at Humboldt State University,https://are.berkeley.edu/job-candidates/past-placements
berkeley,Santiago Guerrero,2011,Researcher at Central Bank of Mexico,https://are.berkeley.edu/job-candidates/past-placements
berkeley,Melissa Hidrobo,2011,Postdoctoral Fellow at International Food Policy Research Institute (IFPRI),https://are.berkeley.edu/job-candidates/past-placements
berkeley,Jenny Ifft,2011,Research Economist at USDA,https://are.berkeley.edu/job-candidates/past-placements
berkeley,Koichiro Ito,2011,Assistant Professor at Boston University,https://are.berkeley.edu/job-candidates/past-placements
berkeley,Kelly Jones,2011,Postdoctoral Fellow at International Food Policy Research Institute (IFPRI),https://are.berkeley.edu/job-candidates/past-placements
berkeley,Peter Kelly,2011,Assistant Professor at Renmin University of China,https://are.berkeley.edu/job-candidates/past-placements
berkeley,Joanne Lee,2011,Economist at Mathematica,https://are.berkeley.edu/job-candidates/past-placements
berkeley,Fangwen Lu,2011,Assistant Professor at Renmin University of China,https://are.berkeley.edu/job-candidates/past-placements
berkeley,Elizaveta Perova,2011,Economist at World Bank,https://are.berkeley.edu/job-candidates/past-placements
berkeley,Biswo Poudel,2011,Visiting Scholar at UC Berkeley,https://are.berkeley.edu/job-candidates/past-placements
berkeley,Lourdes Rodriguez-Chamussy,2011,Lecturer at George Washington University,https://are.berkeley.edu/job-candidates/past-placements
berkeley,Tom Sproul,2011,Assistant Professor at University of Rhode Island,https://are.berkeley.edu/job-candidates/past-placements
berkeley,Abdoulaye Sy,2011,World Bank,https://are.berkeley.edu/job-candidates/past-placements
berkeley,Quoc Viet,2011,"Founder and President at Golden Bridge, Inc.",https://are.berkeley.edu/job-candidates/past-placements
berkeley,Shanthi Nataraj,2010,Associate Economist at RAND,https://are.berkeley.edu/job-candidates/past-placements
berkeley,Jill Luoto,2010,Associate Economist at RAND,https://are.berkeley.edu/job-candidates/past-placements
berkeley,Jenny Liu,2010,Assistant Professor at Portland State University,https://are.berkeley.edu/job-candidates/past-placements
berkeley,Maoyong Fan,2009,Assistant Professor at Ball State University,https://are.berkeley.edu/job-candidates/past-placements
berkeley,Kristen Kiesel,2009,"Assistant Professor at California State University, Sacramento",https://are.berkeley.edu/job-candidates/past-placements
berkeley,Zhen Lei,2009,Assistant Professor at Pennsylvania State University,https://are.berkeley.edu/job-candidates/past-placements
berkeley,Clair Null,2009,Assistant Professor at Emory University,https://are.berkeley.edu/job-candidates/past-placements
berkeley,Robert Santillano,2009,Researcher at Mathematica,https://are.berkeley.edu/job-candidates/past-placements
berkeley,Jesse Tack,2009,Assistant Professor at Mississippi State University,https://are.berkeley.edu/job-candidates/past-placements
berkeley,Rocio Titiunik,2009,Assistant Professor at University of Michigan,https://are.berkeley.edu/job-candidates/past-placements
berkeley,Jenny Aker,2008,Assistant Professor at Tufts University,https://are.berkeley.edu/job-candidates/past-placements
berkeley,Jennifer Brown,2008,Assistant Professor at Northwestern University,https://are.berkeley.edu/job-candidates/past-placements
berkeley,Ricardo Cavazos,2008,Chief Economist at COFEPRIS,https://are.berkeley.edu/job-candidates/past-placements
berkeley,CÃ©line FerrÃ©,2008,Economist (Young Professional) at The World Bank,https://are.berkeley.edu/job-candidates/past-placements
berkeley,Rui Huang,2008,Assistant Professor at University of Connecticut,https://are.berkeley.edu/job-candidates/past-placements
berkeley,Ryan Kellogg,2008,Assistant Professor at University of Michigan,https://are.berkeley.edu/job-candidates/past-placements
berkeley,James Manley,2008,Assistant Professor at Towson University,https://are.berkeley.edu/job-candidates/past-placements
berkeley,Lyngun Nie,2008,Economist at Washington Mutual Bank,https://are.berkeley.edu/job-candidates/past-placements
berkeley,Hugo Salgado,2008,"Assistant Professor at Universidad de Concepcion, Chile",https://are.berkeley.edu/job-candidates/past-placements
berkeley,Susan Stratton,2008,Assistant Professor at Smith College,https://are.berkeley.edu/job-candidates/past-placements
berkeley,Felipe Vasquez,2008,"Professor at Universidad del Desarrollo in Concepcion, Chile",https://are.berkeley.edu/job-candidates/past-placements
berkeley,Muzhe Yang,2008,Assistant Professor at Lehigh University,https://are.berkeley.edu/job-candidates/past-placements
berkeley,Emma Aisbett,2007,Assistant Professor at Australian National University,https://are.berkeley.edu/job-candidates/past-placements
berkeley,Sarah Baird,2007,"Postdoctoral Scholar at University of California, San Diego",https://are.berkeley.edu/job-candidates/past-placements
berkeley,Xiangyi (Daniel) Meng,2007,"Assistant Professor at Central University of Finance and Economics, Beijing, China",https://are.berkeley.edu/job-candidates/past-placements
berkeley,Ralf Steinhauser,2007,Research Fellow at Australian National University,https://are.berkeley.edu/job-candidates/past-placements
berkeley,Hendrik Wolff,2007,Assistant Professor at University of Washington,https://are.berkeley.edu/job-candidates/past-placements
berkeley,Christopher Busch,2006,Climate Economist at The Union of Concerned Scientists,https://are.berkeley.edu/job-candidates/past-placements
berkeley,Claudio Ferraz,2006,"Research Economist at Instituto de Pesquisa Economica Aplicada (IPEA), Rio de Janeiro, Brasil",https://are.berkeley.edu/job-candidates/past-placements
berkeley,Frederico Finan,2006,Assistant Professor at UCLA,https://are.berkeley.edu/job-candidates/past-placements
berkeley,Meredith Fowlie2007 AAEA Outstanding Dissertation Award,2006,Assistant Professor at University of Michigan,https://are.berkeley.edu/job-candidates/past-placements
berkeley,James Hilger,2006,Economist at Federal Trade Commission,https://are.berkeley.edu/job-candidates/past-placements
berkeley,Bo MacInnis,2006,Research Fellow at University of Michigan,https://are.berkeley.edu/job-candidates/past-placements
berkeley,Manisha Shah,2006,Assistant Professor at University of Melbourne,https://are.berkeley.edu/job-candidates/past-placements
berkeley,Jaya Sil,2006,Risk Modeling Officer at Chase & Co,https://are.berkeley.edu/job-candidates/past-placements
berkeley,Ruth Uwaifo Oyelere,2006,"Assistant Professor at Georgia Institute of Technology, GATECH",https://are.berkeley.edu/job-candidates/past-placements
berkeley,Jennifer Alix,2005,"Assistant Professor at University of Montana, Missoula",https://are.berkeley.edu/job-candidates/past-placements
berkeley,Tania Barham,2005,"Assistant Professor at University of Colorado, Boulder",https://are.berkeley.edu/job-candidates/past-placements
berkeley,Tomoki Fujii,2005,Assistant Professor at Singapore Management University,https://are.berkeley.edu/job-candidates/past-placements
berkeley,Fang Lai,2005,Assistant Professor at New York University,https://are.berkeley.edu/job-candidates/past-placements
berkeley,Andrew McKim,2005,Program Economist at United States Agency for International Development,https://are.berkeley.edu/job-candidates/past-placements
berkeley,Laura Schechter,2005,"Assistant Professor at University of Wisconsin, Madison",https://are.berkeley.edu/job-candidates/past-placements
berkeley,Karina Schoengold,2005,"Assistant Professor at University of Nebraska, Lincoln",https://are.berkeley.edu/job-candidates/past-placements
berkeley,Jason Scorse,2005,Assistant Professor at Monterey Institute of International Studies,https://are.berkeley.edu/job-candidates/past-placements
berkeley,Guanming Shi,2005,"Assistant Professor at University of Wisconsin, Madison",https://are.berkeley.edu/job-candidates/past-placements
berkeley,Aaron Swoboda,2005,Assistant Professor at University of Pittsburgh,https://are.berkeley.edu/job-candidates/past-placements
berkeley,Yanhong Jin,2004,Assistant Professor at Texas A&M University,https://are.berkeley.edu/job-candidates/past-placements
berkeley,Stephen Stohs,2004,"Researcher/Lecturer at University of California, San Diego",https://are.berkeley.edu/job-candidates/past-placements
berkeley,Caridad Araujo,2003,Visiting Assistant Professor/Consultant at Georgetown University/World Bank,https://are.berkeley.edu/job-candidates/past-placements
berkeley,Kathy Baylis,2003,"Assistant Professor at University of British Columbia, Vancouver",https://are.berkeley.edu/job-candidates/past-placements
berkeley,Nick Brozovic,2003,"Assistant Professor at University of Illinois, Urbana Champaign",https://are.berkeley.edu/job-candidates/past-placements
berkeley,Sean Cash,2003,"Assistant Professor at University of Alberta, Edmonton",https://are.berkeley.edu/job-candidates/past-placements
berkeley,Greg Graff,2003,"Director of Research at Bio-Economic Research Associates, Cambridge, MA",https://are.berkeley.edu/job-candidates/past-placements
berkeley,Karen Macours,2003,Assistant Professor at Johns Hopkins University,https://are.berkeley.edu/job-candidates/past-placements
berkeley,Craig McIntosh,2003,"Assistant Professor at University of California, San Diego",https://are.berkeley.edu/job-candidates/past-placements
berkeley,Wolfram Schlenker,2003,Assistant Professor at Columbia University,https://are.berkeley.edu/job-candidates/past-placements
berkeley,Ximing Wu,2003,Assistant Professor at Texas A&M University,https://are.berkeley.edu/job-candidates/past-placements
davis,Tzu-Hui J. Chen,2026,Postdoctoral Associate at Cornell University,https://are.ucdavis.edu/phd/past-placements/
davis,Saloni Chopra,2026,Lecturer (Asst. Professor) at University of St. Andrews,https://are.ucdavis.edu/phd/past-placements/
davis,Rachel E. Jones,2026,Postdoc Research Fellowship at Nova School of Business and Economics,https://are.ucdavis.edu/phd/past-placements/
davis,Mira Korb,2026,Data Scientist at Mathematica Policy Research,https://are.ucdavis.edu/phd/past-placements/
davis,Zhiyao (Yao) Ma,2026,"Lecturer at University of California, Davis",https://are.ucdavis.edu/phd/past-placements/
davis,Bruno Pimenta,2026,"Research Assistant at Imperial College, London",https://are.ucdavis.edu/phd/past-placements/
davis,Kelly Yuexuan Wu,2026,Economist at Amazon,https://are.ucdavis.edu/phd/past-placements/
davis,Wenjie Zhan,2026,Assistant Professor at Ontario Agricultural College,https://are.ucdavis.edu/phd/past-placements/
davis,Felipe Grimaldi Avileis,2025,"Assistant Professor at University of Nebraska, Lincoln",https://are.ucdavis.edu/phd/past-placements/
davis,"Jiting Jiang
2025",2025,Data Scientist at Meta,https://are.ucdavis.edu/phd/past-placements/
davis,James Keeler,2025,"Postdoctoral Scholar at University of California, Davis",https://are.ucdavis.edu/phd/past-placements/
davis,Pedro Liedo,2025,Assistant Professor at Tecnológico de Monterrey,https://are.ucdavis.edu/phd/past-placements/
davis,Marcos M. Sugastti,2025,Postdoctoral Research Associate at University of Edinburgh,https://are.ucdavis.edu/phd/past-placements/
davis,Isabelle Picciotto,2025,Assistant Professor at Arizona State University,https://are.ucdavis.edu/phd/past-placements/
davis,Sam Raburn,2025,Economist at California Department of Pesticide Regulation,https://are.ucdavis.edu/phd/past-placements/
davis,"Syeda Warda Riaz
2025",2025,Assistant Professor of Economics at Lahore University of Management Sciences,https://are.ucdavis.edu/phd/past-placements/
davis,Frederik Strabo,2025,"Postdoctoral Scholar at University of California, Davis",https://are.ucdavis.edu/phd/past-placements/
davis,Mengfei Zhou,2025,Associate Professor at Huazhong Agricultural University,https://are.ucdavis.edu/phd/past-placements/
davis,"Dasha Ageikina
2024",2024,Data Scientist at Glynmoran,https://are.ucdavis.edu/phd/past-placements/
davis,Isaac Ahimbisibwe,2024,Assistant Professor at Baylor University,https://are.ucdavis.edu/phd/past-placements/
davis,Thomas Anderson Jr.,2024,Assistant Professor at University of Florida,https://are.ucdavis.edu/phd/past-placements/
davis,Julian Arteaga,2024,Consultant at World Bank,https://are.ucdavis.edu/phd/past-placements/
davis,"Marieke (Mari) Fenton
2024",2024,Air Pollution Specialist at California Air Resources Board,https://are.ucdavis.edu/phd/past-placements/
davis,Tengda Gong,2024,Assistant Professor at University of Manitoba,https://are.ucdavis.edu/phd/past-placements/
davis,Sean Kiely,2024,Postdoctoral Fellow in Agricultural Economics at National Bureau of Economic Research,https://are.ucdavis.edu/phd/past-placements/
minnesota,Haseeb Ali,2024,Senior Data Scientist at Securian Financial,https://apec.umn.edu/graduate/placement-recent-graduates
minnesota,Kenn Chua,2024,Economist at Amazon,https://apec.umn.edu/graduate/placement-recent-graduates
minnesota,Kadidatou Doucoure,2024,Assistant Professor at Loyola University Maryland,https://apec.umn.edu/graduate/placement-recent-graduates
minnesota,Jhih-Yun Liu,2024,Assistant Professor at University of Connecticut,https://apec.umn.edu/graduate/placement-recent-graduates
minnesota,SongYi Paik,2024,Assistant Extension Agent at University of Hawai'i,https://apec.umn.edu/graduate/placement-recent-graduates
minnesota,Khoa Vu,2024,Economist at Charles River Associates,https://apec.umn.edu/graduate/placement-recent-graduates
wisconsin,Priyadarshi Amar,2025,Postdoctoral Research Associate at Institute Carlos III Juan March at University Carlos III of Madrid,https://aae.wisc.edu/graduate-programs/placement/
wisconsin,Ziheng Liu,2025,"Assistant Professor at Zhejiang University, Department of Agricultural Economics and Management",https://aae.wisc.edu/graduate-programs/placement/
wisconsin,Felipe Parra,2025,"Postdoctoral Research Associate at Civil Conflict and Democratic Erosion Lab, Brown University",https://aae.wisc.edu/graduate-programs/placement/
wisconsin,Sakina Shibuya,2025,Consultant at University of Tokyo Economic Consulting Inc,https://aae.wisc.edu/graduate-programs/placement/
wisconsin,Talita Silva,2025,Postdoctoral Scholar at Sao Paulo School of Economics,https://aae.wisc.edu/graduate-programs/placement/
wisconsin,Sossou Adjisse,2024,Postdoctoral Scholar at Oregon State University,https://aae.wisc.edu/graduate-programs/placement/
wisconsin,Monica Agarwal,2024,Postdoctoral Scholar at Northwestern University,https://aae.wisc.edu/graduate-programs/placement/
wisconsin,Nicholas Gallagher,2024,"Assistant Professor at University of Minnesota, Department of Applied Economics",https://aae.wisc.edu/graduate-programs/placement/
wisconsin,Vikas Gawai,2024,Postdoctoral Scholar at Center for Disease Control and Prevention (CDC),https://aae.wisc.edu/graduate-programs/placement/
wisconsin,Yating Gong,2024,Assistant Professor at Jinan University,https://aae.wisc.edu/graduate-programs/placement/
wisconsin,Ryo Sakamoto,2024,Economist at UTokyo Economic Consulting Inc,https://aae.wisc.edu/graduate-programs/placement/
wisconsin,Nguyen Vuong,2024,Assistant Professor at University of Tsukuba,https://aae.wisc.edu/graduate-programs/placement/
wisconsin,Karin Wu,2024,"Assistant Professor at National Taiwan University, Department of Agricultural Economics",https://aae.wisc.edu/graduate-programs/placement/
wisconsin,Gaurav Doshi,2023,"Assistant Professor at Georgia Institute of Technology, Department of Economics",https://aae.wisc.edu/graduate-programs/placement/
wisconsin,Itzel de Haro Lopez,2023,"Assistant Professor at University of Navarra, Navarra Center for International Development",https://aae.wisc.edu/graduate-programs/placement/
wisconsin,Nicole Karwowski,2023,"Assistant Professor at Montana State University, Department of Agricultural Economics and Economics",https://aae.wisc.edu/graduate-programs/placement/
wisconsin,Varan Kitayaporn,2023,"Visiting Clinical Assistant Professor at New York University, Department of Economics",https://aae.wisc.edu/graduate-programs/placement/
wisconsin,Qinan Lu,2023,"Assistant Professor at Renmin University, School of Agricultural Economics & Rural Development",https://aae.wisc.edu/graduate-programs/placement/
wisconsin,Osaretin Olurotimi,2023,"Assistant Research Professor at University of Arizona, Department of Agriculture and Resource Economics",https://aae.wisc.edu/graduate-programs/placement/
wisconsin,Pukitta Chunsuttiwat,2022,"Economist at Keystone Strategy, Seattle, WA",https://aae.wisc.edu/graduate-programs/placement/
wisconsin,Erik Katovich,2022,"Postdoctoral Fellow at Institute of Economics and Econometrics, University of Geneva, Switzerland",https://aae.wisc.edu/graduate-programs/placement/
wisconsin,Artak Meloyan,2022,"Data Scientist at Meta, Menlo Park, CA",https://aae.wisc.edu/graduate-programs/placement/
wisconsin,Kaitlyn Sims,2022,"Assistant Professor of Microeconomics for Public Policy at Josef Korbel School of International Studies, University of Denver",https://aae.wisc.edu/graduate-programs/placement/
wisconsin,Mizuhiro Suzuki,2022,"Principal Associate Quantitative Analyst at Capital One, McLean, VA",https://aae.wisc.edu/graduate-programs/placement/
wisconsin,Licheng Xu,2022,"Assistant Professor at BNU Business School, Beijing Normal University",https://aae.wisc.edu/graduate-programs/placement/
wisconsin,Jiarui Zhang,2022,"Data Scientist at Meta, Menlo Park, CA",https://aae.wisc.edu/graduate-programs/placement/
wisconsin,Eduardo Cenci,2021,Assistant Professor at University of Nebraska-Omaha,https://aae.wisc.edu/graduate-programs/placement/
wisconsin,I-Chun Chen,2021,"Senior Quantitative Analyst at TD Bank, N.A",https://aae.wisc.edu/graduate-programs/placement/
wisconsin,Joshua Deutschmann,2021,Postdoctoral Scholar with the Development Innovation Lab at University of Chicago,https://aae.wisc.edu/graduate-programs/placement/
wisconsin,Sunny Jie Feng,2021,"Assistant Professor at School of Humanities and Social Sciences, Beijing Institute of Technology",https://aae.wisc.edu/graduate-programs/placement/
wisconsin,Kangli Li,2021,Quantitative Analytics Senior at Freddie Mac,https://aae.wisc.edu/graduate-programs/placement/
wisconsin,Ana Paula Melo da Silva,2021,Assistant Professor at Howard University,https://aae.wisc.edu/graduate-programs/placement/
wisconsin,Adam Theising,2021,Postdoctoral Fellow at United States Environmental Protection Agency,https://aae.wisc.edu/graduate-programs/placement/
wisconsin,Patcha Chaikitmongkol,2020,"Assistant Professor at Chiang Mai University, Thailand",https://aae.wisc.edu/graduate-programs/placement/
wisconsin,Amelia Maria Gibbons,2020,"Lecturer & Academic Coordinator at Universidad de San Andrés, Argentina",https://aae.wisc.edu/graduate-programs/placement/
wisconsin,Jared Hutchins,2020,"Assistant Professor at Agricultural and Consumer Economics, University of Illinois, Urbana-Champaign",https://aae.wisc.edu/graduate-programs/placement/
wisconsin,Irene Jacqz,2020,"Postdoctoral Fellow at Inequality in America Initiative, Harvard University
Assistant ProfessorDepartment of Economics, Iowa State University",https://aae.wisc.edu/graduate-programs/placement/
wisconsin,Matt Klein,2020,"Economic Analyst at Policy, Data, Performance & Integrity Division, Washington State Employment Security Department",https://aae.wisc.edu/graduate-programs/placement/
wisconsin,Yuji Saikai,2020,"Tutor (Postdoctoral Fellow) at School of Mathematics and Statistics, University of Melbourne",https://aae.wisc.edu/graduate-programs/placement/
wisconsin,Marin Skidmore,2020,"Assistant Professor at Agricultural and Consumer Economics, University of Illinois, Urbana-Champaign",https://aae.wisc.edu/graduate-programs/placement/
wisconsin,Justin Winikoff,2020,"Research Agricultural Economist at Economic Research Service, United States Department of Agriculture. Feb. 2024 and Sept",https://aae.wisc.edu/graduate-programs/placement/
wisconsin,Charng-Jiun Yu,2020,"Economist at Amazon.com, Inc",https://aae.wisc.edu/graduate-programs/placement/
wisconsin,Alexey Kalinin,2019,"Postdoctoral Fellow at Harvard Forest, Harvard University",https://aae.wisc.edu/graduate-programs/placement/
wisconsin,Naoki Nishimura,2019,Economist at Japan International Cooperation Agency,https://aae.wisc.edu/graduate-programs/placement/
wisconsin,Quiñones,2019,Researcher at Esteban Mathematica Policy Research,https://aae.wisc.edu/graduate-programs/placement/
wisconsin,Jordan Van Rijn,2019,", Senior Economist
Credit Union National Association",https://aae.wisc.edu/graduate-programs/placement/
wisconsin,Shuwei Zeng,2019,Quantitative Analytics Sr. at Freddie Mac,https://aae.wisc.edu/graduate-programs/placement/
wisconsin,Siyao Zhu,2019,Global Team Researcher at Precision Agriculture for Development,https://aae.wisc.edu/graduate-programs/placement/
wisconsin,Zack Barnett-Howell,2018,", Postdoctoral Associate and Lecturer
MacMillan Center for International & Area Studies, Yale University",https://aae.wisc.edu/graduate-programs/placement/
wisconsin,Allison Derrick,2018,", Research EconomistBalance of Payments Division, U.S. Bureau of Economic Analysis",https://aae.wisc.edu/graduate-programs/placement/
wisconsin,Mingxuan Fan,2018,"Postdoctoral Fellow at National University of Singapore, Institute of Water Policy, Lee Kuan Yew School of Public Policy",https://aae.wisc.edu/graduate-programs/placement/
wisconsin,Rachel Frattarola Hernández,2018,", Economist
Office of Management and Budget",https://aae.wisc.edu/graduate-programs/placement/
wisconsin,Jared Gars,2018,", Policy Analyst
Centre for Entrepreneurship, SMEs, Regions and Cities, Organisation for Economic Co-operation and Development (OECD)",https://aae.wisc.edu/graduate-programs/placement/
wisconsin,Norihiko Matsuda,2018,", Assistant Professor
Department of Economics, Florida International University",https://aae.wisc.edu/graduate-programs/placement/
wisconsin,Fanny Moffette,2018,"Postdoctoral Research Associate at Nelson Institute for Environmental Studies, University of Wisconsin-Madison",https://aae.wisc.edu/graduate-programs/placement/
wisconsin,Thanicha Ruangmas,2018,"Assistant Clinical Professor at University of Maryland, FIRE program",https://aae.wisc.edu/graduate-programs/placement/
wisconsin,Andrew Schreiber,2018,"Economist at National Center for Environmental Economics, Environmental Protection Agency",https://aae.wisc.edu/graduate-programs/placement/
wisconsin,Nouhoum Traore,2018,"International Consultant at Social Protection and Labor-Africa Region, The World Bank Group",https://aae.wisc.edu/graduate-programs/placement/
wisconsin,Charles Wonjun Chang,2017,"Energy Economist at Charles River Associates
(First position: Postdoctoral Fellow, Joint Global Change Research Institute, University of Maryland)",https://aae.wisc.edu/graduate-programs/placement/
wisconsin,Brett Close,2017,Senior Economist at EMI Consulting,https://aae.wisc.edu/graduate-programs/placement/
wisconsin,Cornelia Ilin,2017,Associate at Analysis Group,https://aae.wisc.edu/graduate-programs/placement/
wisconsin,Travis McArthur,2017,", Assistant Professor
Food & Resource Economics Department, University of Florida",https://aae.wisc.edu/graduate-programs/placement/
wisconsin,Daniel Mooney,2017,", Assistant Professor and Extension Economist
Agricultural & Resource Economics, Colorado State University",https://aae.wisc.edu/graduate-programs/placement/
wisconsin,Jennifer Raynor,2017,", Assistant Professor
Wesleyan University. 2022 and",https://aae.wisc.edu/graduate-programs/placement/
wisconsin,Srinivasan Vasudevan,2017,", Economic Researcher
American Institutes for Research",https://aae.wisc.edu/graduate-programs/placement/
wisconsin,Austin Williams,2017,", Research Economist
RTI International
(First position: Prevention Effectiveness Fellow, Centers for Disease Control and Prevention)",https://aae.wisc.edu/graduate-programs/placement/
wisconsin,Ethan Young,2017,Principal Consultant at Tetra Tech,https://aae.wisc.edu/graduate-programs/placement/
wisconsin,Bjorn Markeson,2016,", Economist at IMPLAN
(First position: Lecturer, Economics Department, Brandeis University)",https://aae.wisc.edu/graduate-programs/placement/
wisconsin,Na Zhao,2016,", Senior Economist
National Association of Home Builders (First position: Housing Policy Economist, National Association of Home Builders)",https://aae.wisc.edu/graduate-programs/placement/
wisconsin,Yating Chuang,2015,"Visiting Professor at Economics Department, College of the Holy Cross",https://aae.wisc.edu/graduate-programs/placement/
wisconsin,Jhin Han,2015,"Economic Research Service, USDA",https://aae.wisc.edu/graduate-programs/placement/
wisconsin,Heesun Jang,2015,Associate Research Fellow at Korea Energy Economics Institute,https://aae.wisc.edu/graduate-programs/placement/
wisconsin,Chang Lian,2015,Modeling and Analytics Associate at Chase Bank,https://aae.wisc.edu/graduate-programs/placement/
wisconsin,Emily Sellars,2015,"Assistant Professor at Bush School of Government and Public Service, Texas A&M University",https://aae.wisc.edu/graduate-programs/placement/
wisconsin,Christopher Taylor,2015,"Mathematical Statistician at United States Department of Agriculture, National Agricultural Statistics Service",https://aae.wisc.edu/graduate-programs/placement/
wisconsin,Sarah Walker,2015,"Assistant Professor at Economics Department, University of New South Wales",https://aae.wisc.edu/graduate-programs/placement/
wisconsin,Zhe Dun,2014,Analytics Scientist at Ford Motor Credit Company,https://aae.wisc.edu/graduate-programs/placement/
wisconsin,Pilar Jano,2014,"Postdoctoral Researcher at Universidad Adolfo Ibañez, Valdivia, Chile",https://aae.wisc.edu/graduate-programs/placement/
wisconsin,Daniel Prager,2014,"Research Economist at Rural and Resource Economics, Economic Research Service, USDA",https://aae.wisc.edu/graduate-programs/placement/
wisconsin,Patricia Yanez-Pagans,2014,Research Economist at Inter-American Development Bank,https://aae.wisc.edu/graduate-programs/placement/
wisconsin,Wenhui Zhang,2014,"Digonex, Inc",https://aae.wisc.edu/graduate-programs/placement/
wisconsin,Katherine Zipp,2014,"Assistant Professor at Environmental & Resource Economics, Pennsylvania State University",https://aae.wisc.edu/graduate-programs/placement/
wisconsin,Hillary Caruthers,2013,"Visiting Assistant Professor at Economics Department, Berry College",https://aae.wisc.edu/graduate-programs/placement/
wisconsin,Rebecca Cleary,2013,"Research Associate at Analysis Group, Inc",https://aae.wisc.edu/graduate-programs/placement/
wisconsin,Dylan Fitz,2013,"Assistant Professor at Economics Department, Davidson College",https://aae.wisc.edu/graduate-programs/placement/
wisconsin,Maria Fernanda Rodrigo,2013,Research Fellow at Inter-American Development Bank,https://aae.wisc.edu/graduate-programs/placement/
wisconsin,Vardges Hovhannisyan,2012,Postdoctoral Researcher at University of Minnesota,https://aae.wisc.edu/graduate-programs/placement/
wisconsin,Ming-Feng Hsieh,2012,Assistant Professor at National Taiwan University,https://aae.wisc.edu/graduate-programs/placement/
wisconsin,Rachid Laajaj,2012,Postdoctoral Researcher at Paris School of Economics,https://aae.wisc.edu/graduate-programs/placement/
wisconsin,Do-il Yoo,2012,"Research Fellow at Chungbuk National University, Korea",https://aae.wisc.edu/graduate-programs/placement/
wisconsin,Marin Bozic,2011,Assistant Professor at University of Minnesota,https://aae.wisc.edu/graduate-programs/placement/
wisconsin,Lauren Bresnahan,2011,"Senior Associate at KPMG, LLP, New York",https://aae.wisc.edu/graduate-programs/placement/
wisconsin,Xingliang Ma,2011,Postdoctoral Fellow at International Food Policy Research Institute,https://aae.wisc.edu/graduate-programs/placement/
wisconsin,Benjamin Schwab,2011,Postdoctoral Fellow at International Food Policy Research Institute,https://aae.wisc.edu/graduate-programs/placement/
wisconsin,Ursula Aldana,2010,Economist at Instituto de Estudios Peruanos,https://aae.wisc.edu/graduate-programs/placement/
wisconsin,John Morrow,2010,Postdoctoral Fellow at London School of Economics,https://aae.wisc.edu/graduate-programs/placement/
wisconsin,Widad Soufi,2010,Assistant Professor at Al Akhawayn University,https://aae.wisc.edu/graduate-programs/placement/
wisconsin,Jeremy Weber,2010,"Research Economist at Rural and Resource Economics, Economic Research Service, U.S. Department of Agriculture",https://aae.wisc.edu/graduate-programs/placement/
wisconsin,Gustavo de los Campos,2009,Post-doctoral Researcher at University of Alabama School of Medicine,https://aae.wisc.edu/graduate-programs/placement/
wisconsin,Ying Du,2009,Shandong University,https://aae.wisc.edu/graduate-programs/placement/
wisconsin,Francisco Galarza,2009,"Professor, Researcher at Universidad del Pacifico",https://aae.wisc.edu/graduate-programs/placement/
wisconsin,David Garber,2009,"Economist at Climate Change Division, U.S. Environmental Protection Agency",https://aae.wisc.edu/graduate-programs/placement/
wisconsin,Hwanil Park,2009,Research Fellow at Samsung Economic Research Institute,https://aae.wisc.edu/graduate-programs/placement/
wisconsin,Yasuharu Shimamura,2009,Assistant Professor at Ritsumeikan University,https://aae.wisc.edu/graduate-programs/placement/
wisconsin,Xiaowei Cai,2008,Assistant Professor at California Polytechnic State University,https://aae.wisc.edu/graduate-programs/placement/
wisconsin,Ousman Gajigo,2008,"Associate Economist at Earth Institute, Millenium Development Center for East Africa, Columbia University",https://aae.wisc.edu/graduate-programs/placement/
wisconsin,Munenobu Ikegami,2008,Economist at International Livestock Research Institute,https://aae.wisc.edu/graduate-programs/placement/
wisconsin,Muqun Li,2008,Senior Researcher at Samsung Economic Research Institute,https://aae.wisc.edu/graduate-programs/placement/
wisconsin,Benjamin Linkow,2008,Assistant Professor at Miami University School of Business,https://aae.wisc.edu/graduate-programs/placement/
wisconsin,Diep Phan,2008,Assistant Professor at Beloit College,https://aae.wisc.edu/graduate-programs/placement/
wisconsin,Andrea Bentancor,2007,Lecturer at Universidad Adolfo Ibañez,https://aae.wisc.edu/graduate-programs/placement/
wisconsin,Kiriya Kulkolkarn,2007,Thammasat University,https://aae.wisc.edu/graduate-programs/placement/
wisconsin,Pilar Useche,2007,"Assistant Professor at Department of Food and Resource Economics, University of Florida",https://aae.wisc.edu/graduate-programs/placement/
wisconsin,Jorge Aguero,2006,"Assistant Professor of Economics at University of California, Riverside",https://aae.wisc.edu/graduate-programs/placement/
wisconsin,Seth Gitter,2006,Assistant Professor at Towson University,https://aae.wisc.edu/graduate-programs/placement/
wisconsin,Jason Fletcher,2006,Professor,https://aae.wisc.edu/graduate-programs/placement/
wisconsin,Rebecca Moore,2006,University of Georgia,https://aae.wisc.edu/graduate-programs/placement/
wisconsin,Tingjun Peng,2006,"Ministry of Agriculture, China",https://aae.wisc.edu/graduate-programs/placement/
wisconsin,Reka Sundaram-Stukel,2006,Health Economist at Wisconsin State Department of Health Services,https://aae.wisc.edu/graduate-programs/placement/
wisconsin,Anan Wattanakuljarus,2006,"Economist at National Institute of Development Administration, Bangkok",https://aae.wisc.edu/graduate-programs/placement/
wisconsin,Joseph Burke,2005,"Associate Scientist at Agricultural and Applied Economics, University of Wisconsin-Madison",https://aae.wisc.edu/graduate-programs/placement/
wisconsin,Bayou Demeke,2005,Pennsylvania State University,https://aae.wisc.edu/graduate-programs/placement/
wisconsin,Hua Lin,2005,"Actuarial Consultant at Deloitte Consulting, LLP",https://aae.wisc.edu/graduate-programs/placement/
wisconsin,Tewodaj Mogues,2005,Research Fellow at International Food Policy Research Institute,https://aae.wisc.edu/graduate-programs/placement/
wisconsin,Sunung Moon,2005,Research Economist at Korea Institute for Industrial Economics and Trade,https://aae.wisc.edu/graduate-programs/placement/
wisconsin,Pishayasinee Mulapruk,2005,"Ministry of Foreign Affairs, Bangkok, Thailand",https://aae.wisc.edu/graduate-programs/placement/
wisconsin,Aashish Mehta,2004,"Economist at Asian Development Bank, Manila",https://aae.wisc.edu/graduate-programs/placement/
wisconsin,Shinn-Shyr Wang,2004,"Associate Scientist at Food System Research Group, University of Wisconsin-Madison",https://aae.wisc.edu/graduate-programs/placement/
wisconsin,Juan Chamorro,2003,"Economic Advisor at Office of the President, Nicaragua",https://aae.wisc.edu/graduate-programs/placement/
wisconsin,Weiping Chen,2003,Business Economist at Federal Home Loan Mortgage Corporation,https://aae.wisc.edu/graduate-programs/placement/
wisconsin,Hector Villarreal,2003,"Graduate School of Public Administration and Public Policy
Instituto Tecnologico y de Estudios Superiores de Monterrey, Mexico",https://aae.wisc.edu/graduate-programs/placement/
wisconsin,Kenneth Baerenklau,2002,"Assistant Professor at University of California, Riverside",https://aae.wisc.edu/graduate-programs/placement/
wisconsin,Michael Bennett,2002,"Visiting Researcher at Center for Chinese Agricultural Policy, IGSNRR, Chinese Academy of Sciences, Beijing",https://aae.wisc.edu/graduate-programs/placement/
wisconsin,Diana Fletschner,2002,Assistant Professor at University of Washington,https://aae.wisc.edu/graduate-programs/placement/
wisconsin,Ragan Petrie,2002,Assistant Professor at Georgia State University,https://aae.wisc.edu/graduate-programs/placement/
wisconsin,Eduardo Zegarra,2002,"Statistical Unit Director at Ministry of Agriculture, Peru",https://aae.wisc.edu/graduate-programs/placement/
wisconsin,Marco Castillo,2001,Georgia Institute of Technology,https://aae.wisc.edu/graduate-programs/placement/
wisconsin,Michael Aliber,2000,"Department of Land Affairs, South Africa",https://aae.wisc.edu/graduate-programs/placement/
wisconsin,Stephen Boucher,2000,"Assistant Professor at University of California, Davis",https://aae.wisc.edu/graduate-programs/placement/
wisconsin,John Larrivee,2000,Assistant Professor at Mount Saint Mary’s College,https://aae.wisc.edu/graduate-programs/placement/
wisconsin,Yoshito Takasaki,2000,Assistant Professor at University of Tsukuba,https://aae.wisc.edu/graduate-programs/placement/
